{"status":"solved","placed":25,"total":25,"attempts":34880,"attempts_per_sec":6222.1602578802995,"elapsed_sec":5.605770111083984}